Existing_Product,New_Product
Dragon Fire Foundation,Stormborn Setting Powder SPF 50
Khaleesi Cream,Night's Watch Night Cream
Serum of the Seven Kingdoms,House of the Undying Youth Serum
Iron Throne Eye Cream,Jade Sea Eye Jelly
Essos Essence,Greyjoy Glycolic Peel Mask
Targaryen Toner,Deepwood Motte Purifying Mud Mask
Maester Micellar Water,Brienne of Tarth's Cleansing Towelettes
Ice Sword SPF,Qartheen Sunflower Sunscreen Oil SPF 30
Royal Blush,Ice & Fire Instant Redness Relief
Lannister Lip Salve,House Tyrell Hydrating Rose Mist
Casterly Rock Color Corrector,Lord Tyrion's Dark Circle Dethroner
Cleansing Milk of the Poppy,Blackwater Bay Cleansing Balm
